,업소명,주소,위도,경도
0,미테리언육식주의자,서울특별시 강남구 강남구 역삼로8길 5,37.4931782,127.0338514
1,만나식당,서울특별시 강남구 강남구 개포로 109길,0.0,0.0
2,돈바치,서울특별시 강남구 강남구 개포로 250,37.4913783,127.0727055
3,대청분식,서울특별시 강남구 강남구 개포로 621,37.4913783,127.0727055
4,다시사랑한다면,서울특별시 강남구 강남구 언주로 407,37.4930304,127.0480834655533
5,고불초삼겹,서울특별시 강남구 강남구 도곡로7길 25,37.491889,127.0344617
6,알리파스타,서울특별시 강남구 논현로 151길 29,0.0,0.0
7,황태사랑,서울특별시 강남구 테헤란로 322 지하2층,0.0,0.0
8,삼탱이시래기밥,서울특별시 강남구 테헤란로 322 지하2층,0.0,0.0
9,대풍참숯갈비,서울특별시 강남구 논현로 76길 8,0.0,0.0
10,시골밥상,서울특별시 강남구 강남구 테헤란로 313,37.4995434,127.0331249
11,행복한잔치국수,서울특별시 강남구 광평로 196 2층,0.0,0.0
12,명동만두,서울특별시 강남구 역삼로 133 지상1층,0.0,0.0
13,고기마을,서울특별시 강남구 남부순환로 2917 청실상가,0.0,0.0
14,J&J 뷰티샵,서울특별시 강남구 역삼로11길 13-8,37.4947103,127.0342817
15,양구식당,서울특별시 강남구 논현로151길 26,37.5197458,127.0255862
16,맛찬,서울특별시 강남구 개포로 615 석탑프라자,0.0,0.0
17,신토불이 정육식당,서울특별시 강남구 남부순환로 2629,37.49348,127.0612738
18,365일 기분좋은날 잔치날,서울특별시 강남구 도곡로4길 19,37.4888358,127.034087
19,팔팔한상,서울특별시 강남구 밤고개로1길 10,37.4880133,127.1018308
20,누렁국수,서울특별시 강남구 개포로 652 빌딩스타3,0.0,0.0
21,이모네손칼국수,서울특별시 강남구 언주로69길 9 1층,0.0,0.0
22,엄마손김밥,서울특별시 강남구 언주로314,0.0,0.0
23,비바비보 앤 호프,서울특별시 강남구 논현로131길 5-3 지상1층,0.0,0.0
24,육천중국요리,서울특별시 강남구 역삼로37길 11,37.4987935,127.0429172
25,임가네민속집,서울특별시 강남구 논현로79길 7,37.4975725,127.0367979
26,순대국밥,서울특별시 강남구 도곡로516 지하1층 3호,0.0,0.0
27,사랑의 도시락,서울특별시 강남구 강남대로94길 55 2층,0.0,0.0
28,월드맛집,서울특별시 강남구 논현로151길 26,37.5197458,127.0255862
29,맛있는돈까스,서울특별시 강남구 개포로 638 지상1층,0.0,0.0
30,한벽루 전주콩나물국밥,서울특별시 강남구 개포로 648 1층,37.4953499,127.0853829
31,만아정육점식당,서울특별시 강남구 광평로56길 11 수서아파트상가,0.0,0.0
32,양평해장국,서울특별시 강남구 논현로12길 19-7 1층,0.0,0.0
33,김밥여행,서울특별시 강남구 논현로4길 47,37.4744964,127.0539633
34,원할매이모네닭한마리,서울특별시 강남구 도곡로4길 9 2층,0.0,0.0
35,서희네,서울특별시 강남구 개포로 22길 41,0.0,0.0
36,하하,서울특별시 강남구 논현로 151길 24,0.0,0.0
37,풍경한식,서울특별시 강남구 광평로 47길 17,0.0,0.0
38,소담,서울특별시 강남구 개포로 615 지하115호,0.0,0.0
39,석화촌,서울특별시 강남구 강남대로 240 지하1층,0.0,0.0
40,강남제비,서울특별시 강남구 테헤란로 25길 20,0.0,0.0
41,역삼정,서울특별시 강남구 역삼로19길 31,37.4962151,127.0371919
42,M&M미용실,서울특별시 강남구 일원로3길 10,37.49241,127.08381
43,황가솥뚜껑삼겹살,서울특별시 강남구 논현로30길 36 지하1층,0.0,0.0
44,고향한식부페,서울특별시 강남구 논현로 72길 20,0.0,0.0
45,대영식당,서울특별시 강남구 강남대로 62길 30,0.0,0.0
46,만두랑,서울특별시 강남구 역삼로 19길 29(역삼동),0.0,0.0
47,나드리식당,서울특별시 강남구 선릉로 6길 19,0.0,0.0
48,강남본돼지갈비,서울특별시 강남구 개포로 22길 27지상,0.0,0.0
49,영동우동,서울특별시 강남구 도곡로 7길 28,0.0,0.0
50,이모네분식,서울특별시 강남구 도곡로 21길 15,0.0,0.0
51,수타손짜장,서울특별시 강남구 개포로 615번지 석탑프라자,0.0,0.0
52,가득드림,서울특별시 강남구 영동대로 513 지하1층,0.0,0.0
53,트윈쿡,서울특별시 강남구 영동대로 513 지하1층,0.0,0.0
54,다복콩비지,서울특별시 강남구 개포로22길 31,37.4760298,127.050135
55,노숙자아구샤브샤브,서울특별시 강남구 개포로22길 13,37.4760298,127.050135
56,누이야식당,서울특별시 강남구 논현로4길 14,37.4744964,127.0539633
57,바지락칼국수,서울특별시 강남구 개포로17길 3-10 지상1층,0.0,0.0
58,숙아채 콩나물국밥(개포),서울특별시 강남구 개포로20길 17,37.4769812,127.0475224
59,장독묵은지,서울특별시 강남구 삼성로 38,37.5067233,127.0566608
60,우리생고기,서울특별시 강남구 개포로82길 13-17 2층,0.0,0.0
61,돈까스리,서울특별시 강남구 테헤란로 322 지하층,0.0,0.0
62,중화요리일품,서울특별시 강남구 테헤란로 322,37.5032316,127.0465683
63,바우골화로구이,서울특별시 강남구 강남대로92길 29,37.4992069,127.0295841
64,고등어식당,서울특별시 강남구 강남대로84길 33,37.4975821,127.0310786
65,수미정,서울특별시 강남구 강남대로84길 33 대우디오빌플러스,0.0,0.0
66,육판장,서울특별시 강남구 삼성로 155 지상1층,0.0,0.0
67,사천옥,서울특별시 강남구 선릉로86길 16 지상1층,0.0,0.0
68,미러칼국수,서울특별시 강남구 삼성로 212 지하층32호,0.0,0.0
69,대치동영지,서울특별시 강남구 삼성로 212 지상1층,0.0,0.0
70,해피타임,서울특별시 강남구 삼성로 71길 34,0.0,0.0
71,왕가네왕만두,서울특별시 강남구 역삼로 420 지상1층,0.0,0.0
72,오복냉면,서울특별시 강남구 선릉로76길 21,37.5022469,127.0511782
73,여신김밥,서울특별시 강남구 선릉로90길 70 인텔빌딩,0.0,0.0
74,제일식당,서울특별시 강남구 남부순환로 2921,37.4934887,127.0597536
75,한보식당,서울특별시 강남구 남부순환로 2921 남서울지하상가,0.0,0.0
76,시골청국장,서울특별시 강남구 학동로 504 서울빌딩,0.0,0.0
77,해남식당,서울특별시 강남구 학동로101길 26 청담삼익상가,0.0,0.0
78,청계산갈비살,서울특별시 강남구 학동로45길 7 지하1층,0.0,0.0
79,지리산,서울특별시 강남구 학동로43길 7 지상1층,0.0,0.0
80,영동원삼겹살,서울특별시 강남구 강남대로 520,37.4845641,127.0341866
81,청송숯불화로구이,서울특별시 강남구 언주로 114길 17,0.0,0.0
82,선경헤어샵,서울특별시 강남구 삼성로 151 선경상가,0.0,0.0
83,하나야 플라워앤공방,서울특별시 강동구 서울특별시 강동구 상암로41길,37.5496158,127.1404872
84,미소분식,서울특별시 강동구 성내로3가길 7(성내동),0.0,0.0
85,다인,서울특별시 강동구 양재대로147길 7 (명일동),0.0,0.0
86,서울진국수,서울특별시 강동구 성내로 11,37.52893,127.12503
87,명동찌개마을,"서울특별시 강동구 성안로3길 91, 1층(성내동)",0.0,0.0
88,쉼터기원,"서울특별시 강동구 양재대로 1389,3층",0.0,0.0
89,세아이용원,"서울특별시 강동구 올림픽로 80길 44,1층",0.0,0.0
90,둔촌시장모범이발관,서울특별시 강동구 풍성로58길 20,37.5284302,127.1356535
91,토속칼국수,서울특별시 강동구 양재대로113길 8,37.5383846,127.1379469
92,명가손칼국수,서울특별시 강동구 풍성로54길 44,37.5278641,127.1327792
93,학생회관분식,"서울특별시 강동구 구천면로 404, 11호",0.0,0.0
94,미스터미용실,서울특별시 강동구 천호대로 162길 53,0.0,0.0
95,모아분식,서울특별시 강동구 천호대로191길 6,37.5358736,127.1442864
96,별미바지락칼국수,서울특별시 강동구 풍성로 160,37.527279,127.1419546
97,토속뚝배기,서울특별시 강동구 양재대로 1389,37.5619305,127.1390672
98,한마음미용실,서울특별시 강동구 성안로25길 55,37.5385249,127.1337148
99,가나미용실,서울특별시 강동구 양재대로113길 14,37.5383846,127.1379469
100,황해이발관,서울특별시 강북구 솔매로 35-1,37.6253859,127.0153189
101,카페스타,서울특별시 강북구 삼각산로 71,37.6408474,127.017533
102,착한이발,서울특별시 강북구 도봉로 371,37.6198903,127.0288685
103,아쿠아산소사우나,서울특별시 강북구 한천로 1131(수유동),0.0,0.0
104,두부마을,서울특별시 강북구 오현로31길 109,37.6308507,127.0378567
105,신진미용실,서울특별시 강북구 한천로 1104,37.6340656,127.0374292
106,수유시골집,서울특별시 강북구 도봉로 328 가든타워,0.0,0.0
107,백곰집,"서울특별시 강북구 삼양로 663, 1층(우이동)",0.0,0.0
108,지우정,서울특별시 강북구 삼각산로 130,37.6408474,127.017533
109,토종집,서울특별시 강북구 인수봉로19나길 32,37.6265234,127.0115725
110,하이포크박가네,서울특별시 강북구 덕릉로28길 63,37.6346155,127.0240963
111,콩아리(전주콩나물국밥),서울특별시 강북구 월계로 43-1,37.6232,127.04784
112,만미정 식당,서울특별시 강북구 솔매로43길 96,37.6280605,127.0235144
113,명동세탁소,서울특별시 강북구 인수봉로 79길 57,0.0,0.0
114,백양세탁소,서울특별시 강북구 인수봉로 251-1,37.6388,127.01355
115,제일세탁소,서울특별시 강북구 삼양로 117길 18,0.0,0.0
116,주헤어필,서울특별시 강북구 한천로144길 53,37.6426973,127.0268466
117,선희미용실,서울특별시 강북구 한천로139가길 21,37.6407167,127.0246332
118,원조막국수,서울특별시 강북구 노해로 33길 49,0.0,0.0
119,지영미용실,서울특별시 강북구 도봉로18길 41,37.6203338,127.0308079
120,머리하는집,서울특별시 강북구 오현로9길 132,37.6211993,127.0330017
121,럭키미용실,서울특별시 강북구 오패산로 273,37.61982,127.03271
122,황진우미용실,"서울특별시 강북구 솔샘로 167, 311호(미아동",0.0,0.0
123,별미용실,서울특별시 강북구 삼양로41길 17,37.6215301,127.0199614
124,먹깨비 김밥,서울특별시 강서구 서울 강서로 강서로,37.5587794,126.8383128
125,까꼬뽀꼬,서울특별시 강서구 강서로45라길 35,37.5493248,126.8341003
126,머리못하는 집,"서울특별시 강서구 마곡서1로 115-1, 109호",0.0,0.0
127,판도라,"서울특별시 강서구 마곡중앙로 59-11, 203호",0.0,0.0
128,이안헤어,서울특별시 강서구 남부순환로 11가길 84,0.0,0.0
129,문가네식당,서울특별시 강서구 화곡로 61길 64,0.0,0.0
130,복음미용실,서울특별시 강서구 공항대로65길 51,37.5503618,126.870005
131,그린미용실,서울특별시 강서구 월정로30길 47,37.534873,126.8391703
132,중화요리 명가,서울특별시 강서구 화곡로61길 100,37.5585927,126.8448904
133,송주불냉면,서울특별시 강서구 방화동로 49,37.5615634,126.8080486
134,옛날칼국수,서울특별시 강서구 강서로 18길 8-14,0.0,0.0
135,머리못하는 집,서울특별시 강서구 강서로 45길 174,0.0,0.0
136,메밀이랑 면이랑,서울특별시 강서구 강서로263-17,0.0,0.0
137,새로본미용실,서울특별시 강서구 개화동로27길33,0.0,0.0
138,21C헤어미넷,서울특별시 강서구 곰달래로19길45 1층,0.0,0.0
139,진흥이발,서울특별시 강서구 강서로7길20,0.0,0.0
140,시골칼국수,서울특별시 강서구 방화대로7나길45,0.0,0.0
141,21세기이발,"서울특별시 강서구 강서로17길나길 2, G층",0.0,0.0
142,정수 대중목욕탕,서울특별시 강서구 화곡로 44나길 65,0.0,0.0
143,짱구세탁소,서울특별시 강서구 강서로 45라길 70,0.0,0.0
144,태양이용원,서울특별시 강서구 화곡로 194,37.5496816,126.84779
145,아산남성컷전문,서울특별시 강서구 강서로 207,37.5292654,126.8481558
146,헤어뱅크,서울특별시 강서구 곰달래로 49길 11,0.0,0.0
147,썬스튜디오,서울특별시 강서구 공항대로 36길 129,0.0,0.0
148,부부칼국수,서울특별시 강서구 강서로 56가길 47,0.0,0.0
149,보아스 헤어아트,서울특별시 강서구 등촌로 39길 7,0.0,0.0
150,백미식당,서울특별시 강서구 공항대로 59가길 25,0.0,0.0
151,왕세숫대야냉면(행복을파는집),서울특별시 강서구 공항대로 423,37.5611331,126.8122158
152,차순옥미용실,서울특별시 강서구 허준로 176 8단지상가,0.0,0.0
153,엄마가,"서울특별시 관악구 신림로 280, 1층(신림동)",0.0,0.0
154,바른꽈배기,"서울특별시 관악구 은천로 92, 103호(봉천동)",0.0,0.0
155,마마떼,"서울특별시 관악구 대학6길 36, 1층",0.0,0.0
156,풍년집본가,"서울특별시 관악구 난곡로 232, 1층",0.0,0.0
157,끌레오,서울특별시 관악구 신림로11길 71,37.4646986,126.940454
158,어느멋진날,서울특별시 관악구 신림로11길 67,37.4646986,126.940454
159,네이밍카페커피GO!#1,서울특별시 관악구 난곡로 317,37.4683824,126.9200519
160,맛조탕,서울특별시 관악구 은천로 119,37.4868253,126.9475862
161,하버드미용실,서울특별시 관악구 행운1나길 16,37.4820339,126.9553992
162,추억의 통치킨,서울특별시 관악구 난곡로26길 39,37.4692895,126.9242977
163,서울밥집 봉천점,서울특별시 관악구 장군봉1길 45,37.4817904,126.9414655
164,추억순대국전문점,서울특별시 관악구 신림로26길 11,37.4729513,126.9345254
165,서울밥집,서울특별시 관악구 관천로 36-1,37.482806,126.927891
166,신림국수,서울특별시 관악구 신림동7길 51,37.485668,126.926492
167,이모네식당,서울특별시 관악구 봉천로 575-1,37.47733155,126.96159678170666
168,옥천골,서울특별시 관악구 청룡7길 41,37.4797127,126.9473967
169,시민식당,서울특별시 관악구 남부순환로 1869,37.4819088,126.9456394
170,심영희 헤어,서울특별시 관악구 행운1길 116,37.4814298,126.9566297
171,투가리(서울밥집 낙성대역점),서울특별시 관악구 봉천로 595-1,37.482511,126.9492377
172,노랑머리미용실,서울특별시 관악구 남부순환로145길 11,37.4820782,126.9122062
173,포천이동갈비촌,서울특별시 관악구 신원로 40-12,37.4808827,126.9277775
174,정미용실,서울특별시 관악구 호암로 561-1,37.4646652,126.9315073
175,원조정가네매운갈비찜,서울특별시 관악구 남부순환로216길 8,37.4804795,126.9489521
176,모아그린세탁소,서울특별시 관악구 신림로275-1,0.0,0.0
177,헤어닷컴,서울특별시 관악구 장군봉2길10,0.0,0.0
178,김소선 헤어아트,서울특별시 관악구 행운1길 14,37.4814298,126.9566297
179,고시칼국수,서울특별시 관악구 신림로18가길42,0.0,0.0
180,국수회관,서울특별시 관악구 신림로277,0.0,0.0
181,초밥아저씨,서울특별시 관악구 신원로23(관악종합시장 108호),0.0,0.0
182,빨리셀프크리닝,서울특별시 관악구 신림로224,0.0,0.0
183,다리목,서울특별시 관악구 신림로58가길 7,37.4820368,126.9311688
184,굿띵커피,서울특별시 관악구 조원로4길 37,37.4826766,126.9046993
185,수자타착한식당,서울특별시 관악구 남부순환로143나길 6,37.4830934,126.9120465
186,수제비손칼국수,서울특별시 관악구 인헌4길3,0.0,0.0
187,중앙삼겹시대,서울특별시 관악구 중앙길12,0.0,0.0
188,유창숯불갈비,서울특별시 관악구 은천로23길14,0.0,0.0
189,만리향,서울특별시 관악구 은천로41길20,0.0,0.0
190,송림정,서울특별시 관악구 은천로36,0.0,0.0
191,만나칼국수,서울특별시 관악구 봉천로7길23,0.0,0.0
192,열린미용실,서울특별시 관악구 난곡로40길16,0.0,0.0
193,미림17분칼라,서울특별시 관악구 호암로26길1,0.0,0.0
194,행복한미용실,서울특별시 관악구 양지2길 24,37.4707707,126.9318934
195,토방닭한마리,서울특별시 관악구 신림로22길5,0.0,0.0
196,목우촌부추삼겹살,서울특별시 관악구 남현1길68-10,0.0,0.0
197,원이발소,서울특별시 관악구 청룡8길77,0.0,0.0
198,덕성이발관,서울특별시 관악구 장군봉2길 11,37.4825769,126.9394091
199,청진동해장국,서울특별시 관악구 관악로105동산빌딩1층,0.0,0.0
200,재경헤어라인,서울특별시 관악구 봉천로13길 7,37.4899954,126.9308852
201,헤어디자인하우스,"서울특별시 관악구 은천로 95, 벽산블루밍상가",0.0,0.0
202,자양다방,서울특별시 광진구 자양로15길 100,37.5352279,127.0813115
203,채움,서울특별시 광진구 군자로104-1,0.0,0.0
204,돈필,서울특별시 광진구 동일로72길 38,37.5655463,127.0795285
205,엄마손집밥,서울특별시 광진구 자양번영로 13,37.5316065,127.0752045
206,면곡당,서울특별시 광진구 면목로17길 24,37.5705455,127.0819938
207,능라도분식,서울특별시 광진구 천호대로110길 50,37.5540483,127.0785896
208,마니아우동,서울특별시 광진구 긴고랑로 25,37.56369,127.0782554
209,중국관,서울특별시 광진구 긴고랑로 39,37.56369,127.0782554
210,세종원,"서울특별시 광진구 광나루로 373, 1층(군자동)",0.0,0.0
211,보현식당,서울특별시 광진구 아차산로40길 8,37.5346086,127.0775237
212,종로한정식,서울특별시 광진구 아차산로40길 8(자양동),0.0,0.0
213,보광식당,서울특별시 광진구 아차산로 341(자양동),0.0,0.0
214,세종하늘마루,서울특별시 광진구 군자로 153(군자동),0.0,0.0
215,방미헤어컬쳐,서울특별시 광진구 군자로 138(군자동),0.0,0.0
216,이삭홍두깨칼국수,서울특별시 광진구 동일로72길 51(중곡동),0.0,0.0
217,진아보석사우나,서울특별시 광진구 자양로15길 109,37.5338807,127.0784201
218,북경,서울특별시 광진구 능동로 135,37.5430604,127.0717952
219,성원식당,서울특별시 광진구 자양로 261,37.5283275,127.0884549
220,옥문,서울특별시 광진구 광나루로56길 63,37.53781,127.09669
221,홍천화로숯불갈비,서울특별시 광진구 천호대로110길 27,37.5559236,127.0797402
222,기덕이네생고기집,서울특별시 광진구 뚝섬로58길 26,37.5293201,127.0844977
223,한아름분식,서울특별시 광진구 군자로 159,37.5519973,127.0713059
224,겨울나그네,서울특별시 광진구 능동로 147-1,37.5529046,127.0772581
225,이도희머리방,서울특별시 광진구 아차산로36길 39,37.5378234,127.0741049
226,동현세탁,서울특별시 광진구 뚝섬로52라길 65,37.5289582,127.0801235
227,에덴미용실,서울특별시 광진구 자양로36길 11-1,37.5461504,127.0875251
228,제이필헤어,서울특별시 광진구 자양로 183,37.5283275,127.0884549
229,영화속의 김밥이야기,서울특별시 광진구 자양로 173,37.5283275,127.0884549
230,장미헤어짱,서울특별시 광진구 면목로167,0.0,0.0
231,갤러리헤어,서울특별시 광진구 동일로72길 46,37.5655463,127.0795285
232,헤어포인트,"서울특별시 광진구 능동로3길 44,",37.5335692,127.0665157
233,유나미용실,"서울특별시 광진구 동일로4길 44,",37.5353403,127.0643111
234,모짜르트헤어샵,"서울특별시 광진구 자양번영로1길 12,",37.5308138,127.0734922
235,한일세탁,"서울특별시 광진구 자양번영로5길 7,",37.5329184,127.0747402
236,공새미김밥,"서울특별시 광진구 뚝섬로58길 19,",37.5293201,127.0844977
237,조희미용실,"서울특별시 광진구 뚝섬로52나길 25,",37.5307381,127.079829
238,그린세탁,"서울특별시 광진구 뚝섬로54길 57,",37.5298151,127.0801773
239,머리천국미용실,서울특별시 광진구 뚝섬로49길 31,37.5344977,127.0803872
240,흥부농장,"서울특별시 광진구 뚝섬로59길 81-2,",37.5336777,127.0836157
241,이계임미용실,"서울특별시 광진구 자양로15길 101,",37.5352279,127.0813115
242,자매식당,"서울특별시 광진구 구의로 16,",37.54152,127.08992
243,명신미용실,"서울특별시 광진구 자양로37길 8,",37.5483488,127.0875465
244,으뜸크리닝,"서울특별시 광진구 아차산로51길 74,",37.5404087,127.0851736
245,김밥나라,"서울특별시 광진구 용마산로 52,",37.5537634,127.0885613
246,코닥스튜디오,"서울특별시 광진구 영화사로 4,",37.5563216,127.0912831
247,다비다식당,"서울특별시 광진구 동일로 444,",37.5608713,127.0746122
248,금강숯불생고기,서울특별시 광진구 용마산로7길 9,37.5594652,127.0859312
249,삼동숯불갈비,서울특별시 구로구 디지털로27길 69(1층),0.0,0.0
250,우리집,서울특별시 구로구 디지털로 27길 67,0.0,0.0
251,골드헤어샾,서울특별시 구로구 구로동로 42길 54-6,0.0,0.0
252,이펜세탁소,서울특별시 구로구 구로구 천왕로10 천왕이펜하우스,0.0,0.0
253,명태본가,서울특별시 구로구 구로구 구로중앙로19길 20,37.4938417,126.8884233
254,닷컴분식,서울특별시 구로구 구로구 남부순환로97길 20-6,37.4938746,126.8583738
255,고창국수,서울특별시 구로구 디지털로33길 48 대륭포스트타워7차,0.0,0.0
256,윤경이네,"서울특별시 구로구 도림로36, 지층(구로동)",0.0,0.0
257,포에리얼 떡볶이,서울특별시 구로구 경인로 403(고척동),0.0,0.0
258,꿀꿀이생고기맛집,서울특별시 구로구 중앙로 32(고척동),0.0,0.0
259,현미식당,서울특별시 구로구 구로중앙로 17,37.5060302,126.8762528
260,국수뜨락,서울특별시 구로구 구로중앙로 43,37.5060302,126.8762528
261,에스더헤어스케치,서울특별시 구로구 구로동로38길 8,37.4948836,126.8844065
262,삼거리식당,서울특별시 구로구 구로동로38길 15,37.4948836,126.8844065
263,동경사진관,서울특별시 구로구 우마길 14,37.4813768,126.8883312
264,해바라기,서울특별시 구로구 구로동로 9-17,37.4977827,126.8824666
265,무릉도원,"서울특별시 구로구 구로동로28길 64-12, 102호",0.0,0.0
266,포토베베스튜디오,서울특별시 구로구 도림로12길 13 (구로동),0.0,0.0
267,용갈비,서울특별시 구로구 구로동로 96-4 (구로동),0.0,0.0
268,김밥천국,서울특별시 구로구 구로동로 119-2,37.4861657,126.8855372
269,매직크리닝,서울특별시 구로구 오류로8길 99,37.4929813,126.8451297
270,명가분식,서울특별시 구로구 오류로8길 85,37.4929813,126.8451297
271,김밥만두집,서울특별시 구로구 오류로8나길 8,0.0,0.0
272,화신이발,서울특별시 구로구 고척로3길 20,37.4985223,126.8365611
273,소망미용실,서울특별시 구로구 개봉로1나길 16,37.4847662,126.8523765
274,삼환미용실,서울특별시 구로구 고척로21나길 91,37.5033899,126.8441555
275,복지이발관,서울특별시 구로구 고척로27길 115,37.504131,126.8465754
276,효성이발관,서울특별시 구로구 고척로27길 62,37.504131,126.8465754
277,화승원,서울특별시 구로구 경인로35길 40,37.5009752,126.8528881
278,개봉분식,서울특별시 구로구 고척로21나길 65,37.5033899,126.8441555
279,가마솥설렁탕,서울특별시 구로구 고척로40길 33-4,37.5027595,126.8516983
280,미미미용실,서울특별시 구로구 고척로31길 4,37.5030135,126.8471311
281,해물칼국수,서울특별시 구로구 고척로 179,37.5063672,126.8590896
282,까망머리방,서울특별시 구로구 고척로33라길 19,37.5073062,126.8483336
283,우리식당,"서울특별시 구로구 중앙로3길 50,지하",0.0,0.0
284,해피분식,서울특별시 구로구 중앙로1길 18-19,37.4978679,126.8633581
285,삼삼치킨,서울특별시 구로구 경인로47길 42,37.5034812,126.8637824
286,성원이용원,서울특별시 구로구 구로동로7길 7,37.4866331,126.8837072
287,수정이발관,서울특별시 구로구 구로동로13,0.0,0.0
288,김연화헤어숍,서울특별시 구로구 구로동로 12,37.4861657,126.8855372
289,미진분식,서울특별시 구로구 구로중앙로8길 27,37.4922713,126.8922124
290,일억조분식,서울특별시 구로구 가마산로26길 11,37.4948472,126.8917449
291,우동.짜장,서울특별시 구로구 구로동로 126-16,37.4861657,126.8855372
292,자매분식,서울특별시 구로구 구로중앙로8길41,0.0,0.0
293,건영헤어샵,서울특별시 구로구 구로동로12길 32,37.4872822,126.8860696
294,24시헤어샵,서울특별시 구로구 도림로10길 31-1,37.4859251,126.8893368
295,김밥짱,서울특별시 구로구 구로동로 125-1,37.4973479,126.8829963
296,칭니,서울특별시 구로구 구로중앙로 198,37.5060302,126.8762528
297,극동칼라,서울특별시 구로구 구로동로26길 98,37.4901483,126.8865587
298,중앙한분식,서울특별시 구로구 구로동로 126-20,37.4861657,126.8855372
299,대형갈비,서울특별시 구로구 구로동로 100,37.4861657,126.8855372
300,제주똥돼지촌,서울특별시 구로구 구로동로28길 98,37.4909479,126.8878011
301,새미나 미용실,서울특별시 구로구 부일로9길 87,37.4956745,126.8251937
302,토탈헤어샵,서울특별시 구로구 오류로8길 83,37.4911821,126.8416575
303,구로사진관,서울특별시 구로구 가마산로 248,37.49308,126.88341
304,SK명품세탁,서울특별시 구로구 구일로10길 27,37.495503,126.8758325
305,설가네부대찌게,서울특별시 구로구 경인로 318-9,37.50631,126.8853295
306,길손한정식,서울특별시 구로구 고척로40길 33-5,37.5027595,126.8516983
307,"보리밥, 솥뚜껑 삼겹살",서울특별시 구로구 개봉로15길 12,37.4899149,126.8548922
308,화인크리닝세탁소,서울특별시 구로구 경인로35길 131-15,37.5009752,126.8528881
309,수미용실,서울특별시 금천구 탑골로 6-1 (시흥동),0.0,0.0
310,푸드플러스,"서울특별시 금천구 가산디지털1로 119, B동",0.0,0.0
311,12st,"서울특별시 금천구 디지털로12길 19, 1층(가산동)",0.0,0.0
312,국수집,"서울특별시 금천구 금하로25길 18, 1층(시흥동)",0.0,0.0
313,정가네촌 감자탕,서울특별시 금천구 독산로 46,37.4513889,126.9059786
314,맛순이순대국감자탕,"서울특별시 금천구 가산로5길 72, 1층",0.0,0.0
315,은진미용실,서울특별시 금천구 금하로25길 16,37.4512641,126.9098707
316,짱아헤어샵,서울특별시 금천구 시흥대로126길 22-7,37.4697436,126.9005115
317,포스트푸드,"서울특별시 금천구 디지털로 9길 68,",0.0,0.0
318,카와블러썸,서울특별시 금천구 남부순환로108길 30,37.4782183,126.8924765
319,은행나무갈매기,서울특별시 금천구 금하로 678,37.4531882,126.8969077
320,가영미용실,서울특별시 금천구 시흥대로39길 8,37.4472913,126.90267888972474
321,산들바다 생고기,서울특별시 금천구 금하로 613,37.4531882,126.8969077
322,육합춘짜장짬뽕전문,서울특별시 금천구 시흥대로26길 5,37.441779,126.9038109
323,장수갈비,서울특별시 금천구 시흥대로56길 18,37.4526216,126.9028577
324,풍천장어,서울특별시 금천구 시흥대로52길 70,37.4537596,126.9018601
325,BEST남성전문컷,서울특별시 금천구 가산로 140,37.4767949,126.8921251
326,남자들의 세상,서울특별시 금천구 독산로 45,37.4513889,126.9059786
327,고기굽는마을,서울특별시 금천구 벚꽃로38길 32-29,37.4826656,126.8843867
328,두산이발관,"서울특별시 금천구 가산로 99, 가산위브아파트상가동",0.0,0.0
329,자연화로구이,서울특별시 금천구 시흥대로153길 42,37.4769613,126.8986382
330,다래성,서울특별시 금천구 시흥대로 471-1,37.4772119,126.8986578
331,은혜세탁,"서울특별시 금천구 벚꽃로 73, 현대종합상가",0.0,0.0
332,진미식당,서울특별시 금천구 가산로3길 25,37.4722845,126.8917604
333,박리분식,서울특별시 금천구 가산로 126,37.4767949,126.8921251
334,조여사네집,서울특별시 금천구 벚꽃로 130,37.4655889,126.8899826
335,만세한식부페본점,서울특별시 금천구 가산로3길 77,37.4722845,126.8917604
336,현대세탁,서울특별시 금천구 범안로17길 23,37.4675978,126.8942323
337,참치킹,"서울특별시 금천구 벚꽃로 298, 대륭포스트타워6차",0.0,0.0
338,홍두깨손칼국수,서울특별시 금천구 독산로39길 11,37.4593967,126.9042684
339,진미한분식,서울특별시 금천구 가산로3길 22,37.4722845,126.8917604
340,체리당구클럽,서울특별시 금천구 시흥대로123길 7,37.4723043,126.8949927
341,현대컴퓨터세탁,서울특별시 금천구 벚꽃로56길 40,37.4838184,126.8837296
342,한신세탁,"서울특별시 금천구 한내로 62, 한신(아)상가",0.0,0.0
343,송도세탁,서울특별시 금천구 가산로3길 48,37.4722845,126.8917604
344,가산순대국,서울특별시 금천구 가산로 147-7,37.4767949,126.8921251
345,듬배골,서울특별시 금천구 독산로10길 38,37.4501606,126.908467
346,G7크린랜드,서울특별시 금천구 금하로 29길 14,0.0,0.0
347,고기마을호수,"서울특별시 금천구 벚꽃로 73, 금천현대아파트상가",0.0,0.0
348,금천골 오리명가,서울특별시 금천구 시흥대로78길59,0.0,0.0
349,영화미용실,서울특별시 금천구 독산로44길 15 (시흥동),0.0,0.0
350,정훈세탁,"서울특별시 금천구 독산로73길 9,",37.4678169,126.901259
351,북한강민물고기매운탕,서울특별시 노원구 노원구 동일로192길 30(공릉동),0.0,0.0
352,다이천 마떡,"서울특별시 노원구 석계로106, 1층(월계동)",0.0,0.0
353,장미헤어컷트원,서울특별시 노원구 하계동 273 하계6단지,0.0,0.0
354,힘북이용원,"서울특별시 노원구 동일로 1390, 상계주공6단지상가",0.0,0.0
355,불암골 맛있는 집,서울특별시 노원구 중계로16가길 17,37.6509035,127.0818758
356,형제해장국,서울특별시 노원구 동일로 1106(공릉동),0.0,0.0
357,커트클럽,"서울특별시 노원구 동일로 1537 (상계동,",0.0,0.0
358,향원,서울특별시 노원구 석계로 27 (월계동),0.0,0.0
359,짬뽕늬우스,서울특별시 노원구 노해로81길 6 (상계동),0.0,0.0
360,태성순대국,서울특별시 노원구 화랑로43길 18,37.6145798,127.0623398
361,착한메밀,서울특별시 노원구 상계로 111,37.66158,127.07406
362,진식당,서울특별시 노원구 노원로 564,37.6573,127.06643
363,엠스타일,서울특별시 노원구 동일로 1551,37.6242653,127.0734496
364,세탁편의점,서울특별시 노원구 한글비석로444,0.0,0.0
365,브랜드특수크리닝 가죽전문점,서울특별시 노원구 섬밭로 263 1층,0.0,0.0
366,마시차이나,서울특별시 노원구 동일로 217길58,0.0,0.0
367,마들김밥,서울특별시 노원구 한글비석로 474,37.65887,127.07371
368,은영이발관,서울특별시 노원구 석계로 15길25,0.0,0.0
369,경노이발관,서울특별시 노원구 석계로 27,37.6248388,127.06324675690271
370,다운이,서울특별시 노원구 한글비석로 444 교림노원프라자,0.0,0.0
371,대림각,서울특별시 노원구 섬밭로 263,37.6390543,127.0638779
372,행촌,서울특별시 도봉구 도봉구 우이천로34길 10,37.6498817,127.023233
373,남성 이용원,서울특별시 도봉구 도봉로 109길 35-27,0.0,0.0
374,쌍문 이용원,"서울특별시 도봉구 방학로 3길 108,",0.0,0.0
375,이지헤어,"서울특별시 도봉구 도봉로130길 31, 101호",0.0,0.0
376,서울 미용실,서울특별시 도봉구 도봉구 시루봉로 56,37.6579147,127.0278237
377,도깨비머리방,서울특별시 도봉구 방학로 6가길 76,0.0,0.0
378,김가네국수집,서울특별시 도봉구 도봉로153길 51,37.6699566,127.0409485
379,돼지물고기,서울특별시 도봉구 해등로16길 1,37.6549952,127.0435095
380,멸치국수,서울특별시 도봉구 해등로16길 12,37.6549952,127.0435095
381,엄마와 꿀과배기,서울특별시 도봉구 해등로16길 26(창동),0.0,0.0
382,박리김밥,서울특별시 도봉구 덕릉로57길 22(창동),0.0,0.0
383,짜장마을,서울특별시 도봉구 마들로657(방학동),0.0,0.0
384,세움카페,서울특별시 도봉구 마들로 656(방학동),0.0,0.0
385,머리깎자,서울특별시 도봉구 해등로241-14(방학동),0.0,0.0
386,착한이발관,서울특별시 도봉구 도당로27길 48(방학동),0.0,0.0
387,엄지헤어,서울특별시 도봉구 우이천로4다길 13(창동),0.0,0.0
388,호돈구이,"서울특별시 도봉구 방학로2길 32, 1층(방학동)",0.0,0.0
389,짱구네,"서울특별시 도봉구 시루봉로 148, 1층(방학동)",0.0,0.0
390,브레쉬에비뉴,"서울특별시 도봉구 방학로 216, 1층(방학동)",0.0,0.0
391,카페커민,"서울특별시 도봉구 방학로2길 53, 1층(방학동)",0.0,0.0
392,아!짜장,서울특별시 도봉구 도당로 76 (방학동),0.0,0.0
393,보배네능이백숙,서울특별시 도봉구 시루봉로 295-1,37.6579147,127.0278237
394,화원,서울특별시 도봉구 덕릉로59길 93,37.6409001,127.0389411
395,홍두깨손칼국수,서울특별시 도봉구 도봉산4가길 14,37.6886072,127.0413175
396,온누리식당,서울특별시 도봉구 도봉로159길 11-16,37.674395,127.0436454
397,진선미미용실,서울특별시 도봉구 덕릉로59바길 25,37.6402164,127.0363354
398,더헤어,서울특별시 도봉구 도당로 9길 37,0.0,0.0
399,언니네헤어샵,"서울특별시 도봉구 시루봉로 299, 1층",0.0,0.0
400,백조미용실,서울특별시 도봉구 도봉로160길 17(도봉동),0.0,0.0
401,남원추어탕,서울특별시 도봉구 해등로 83,37.6575406,127.0369769
402,홍두깨손칼국수,서울특별시 도봉구 도당로13가길 13,37.6676215,127.0388654
403,명동분식,서울특별시 도봉구 도당로13가길 6 (방학동),0.0,0.0
404,미성각,서울특별시 도봉구 노해로 389,37.652686,127.0524448
405,축복미용실,서울특별시 도봉구 해등로 144,37.6575406,127.0369769
406,알뜰정육식당,서울특별시 도봉구 도봉로169나길 71,37.6688245,127.0394255
407,신짜장,서울특별시 도봉구 도봉로145길 56,37.6652379,127.037904
408,시골짚,서울특별시 도봉구 도봉로152길 35,37.6694461,127.0449992
409,미락칼국수,서울특별시 도봉구 도봉로110길 6,37.6461965,127.0364338
410,마르떼헤어,서울특별시 도봉구 도봉로113길 38,37.648124,127.0333592
411,도봉산콩나물국밥,서울특별시 도봉구 도봉로181길 53,37.6849989,127.0425112
412,김밥타운,서울특별시 도봉구 도당로15길 3,37.6661103,127.0366558
413,제일정육식당,"서울특별시 동대문구 장한로10길 45, 지하1층(장안동)",0.0,0.0
414,놀부만두,서울특별시 동대문구 망우로16길15(휘경동),0.0,0.0
415,안동장,서울특별시 동대문구 경동시장로10길57(제기동),0.0,0.0
416,아마자께,서울특별시 동대문구 천장산로7길 16,37.5985733,127.0575198
417,경로이발관,서울특별시 동대문구 왕산로 175-1,37.58674,127.05237
418,복지,서울특별시 동대문구 홍릉로 5길 7,0.0,0.0
419,은주헤어뉴스,서울특별시 동대문구 답십리로 51길 24,0.0,0.0
420,현대이발관,서울특별시 동대문구 무학로 37길 12,0.0,0.0
421,우주미용실,서울특별시 동대문구 전농로 16길 33,0.0,0.0
422,맛고을갈비찜,서울특별시 동대문구 경동시장로 10길 57,0.0,0.0
423,금복식당,서울특별시 동대문구 안암로 20길 16,0.0,0.0
424,오케이식당,서울특별시 동대문구 장한로 18길 36,0.0,0.0
425,궁원 중화요리,서울특별시 동대문구 사가정로 229,37.5787297,127.0698176
426,자매식당,서울특별시 동대문구 이문로 28길 16,0.0,0.0
427,태능 숯불갈비,서울특별시 동대문구 고산자로 30길 17,0.0,0.0
428,궁중참순대,서울특별시 동작구 보라매로 5길 15,0.0,0.0
429,궁중순대보쌈,서울특별시 동작구 등용로14길 60,37.5122887,126.9342611
430,정아헤어샵,서울특별시 동작구 매봉로155,0.0,0.0
431,외출준비미용실,서울특별시 동작구 서달로 10길 28,0.0,0.0
432,솔잎식당,서울특별시 마포구 마포대로4길 46 (도화동),0.0,0.0
433,한성축산식당,서울특별시 마포구 연남로 33 (연남동),0.0,0.0
434,봉주르,서울특별시 마포구 와우산로 155-1 (서교동),0.0,0.0
435,연백이발관,서울특별시 마포구 만리재옛길 5 (공덕동),0.0,0.0
436,새론헤어라인,서울특별시 마포구 와우산로 3길 13,0.0,0.0
437,라푸스코 마포점,서울특별시 마포구 만리재옛길 18 (신공덕동),0.0,0.0
438,청년밥상문간 이화여자대학교점,"서울특별시 서대문구 이화여대길 79, 3층",0.0,0.0
439,밥 보다 국시,서울특별시 서대문구 세검정로3길 64,37.5930668,126.9463733
440,명물갈비,서울특별시 서대문구 명물길 43-3,37.5580945,126.9381019
441,머리자랑,서울특별시 서대문구 증가로32안길 1,37.5845989,126.9123859
442,쟈스민헤어,서울특별시 서대문구 증가로24마길 47,37.5828646,126.9178356
443,은하수헤어갤러리,서울특별시 서대문구 응암로 53,37.5791969,126.9107681
444,아름다운헤어,서울특별시 서대문구 응암로28,0.0,0.0
445,히즈모,서울특별시 서대문구 세무서길 71 1층,0.0,0.0
446,은주헤어뉴스,서울특별시 서대문구 거북골로20길 53-3,37.5790926,126.9088604
447,머리사랑,서울특별시 서대문구 거북골로 200,37.5789414,126.9081221
448,윤헤어,서울특별시 서대문구 거북골로 206,37.57554505,126.91558478057766
449,가족이발,서울특별시 서대문구 거북골로 154 삼호상가,0.0,0.0
450,조희헤어샵,서울특별시 서대문구 가재울로10길 41,37.5766256,126.9223109
451,본솔커피,서울특별시 서대문구 증가로 82,37.5710901,126.9296172
452,홍제동잔치집,서울특별시 서대문구 통일로 428-1,37.58578,126.9474
453,중화요리 신세계로반점,서울특별시 서대문구 증가로 24바길 71,0.0,0.0
454,칼집삼겹살,서울특별시 서대문구 통일로 39가길 12,0.0,0.0
455,소문난냉면,서울특별시 서대문구 거북골로 210,37.5789414,126.9081221
456,화순식당,서울특별시 서대문구 증가로 24마길 47,0.0,0.0
457,청와면옥함흥냉면,서울특별시 서대문구 응암로 94,37.5791969,126.9107681
458,낙원식당,서울특별시 서대문구 응암로 141,37.5791969,126.9107681
459,바늘꽃옷수선,서울특별시 서대문구 홍은중앙로 8길 22,0.0,0.0
460,대명꼬기,서울특별시 서대문구 명물길 27-15,37.5580945,126.9381019
461,"카페,떡마을",서울특별시 서대문구 통일로189-1,0.0,0.0
462,나주식당,서울특별시 서대문구 연세로10-1,0.0,0.0
463,소돈,서울특별시 서대문구 응암로69,0.0,0.0
464,축산정육식당,서울특별시 서대문구 통일로479,0.0,0.0
465,송림기사식당,서울특별시 서대문구 모래내로209,0.0,0.0
466,윤헤어모드,서울특별시 서대문구 가재울로10길 25,37.5766256,126.9223109
467,은혜미용실,서울특별시 서대문구 홍은중앙로9길2,0.0,0.0
468,홍은나루터,서울특별시 서대문구 연희로 261-10,37.5661095,126.9296422
469,엉터리돼지갈비,서울특별시 서대문구 포방터길 71,37.5997142,126.9493992
470,풍년갈비,서울특별시 서대문구 통일로 495,37.5743387,126.9580677
471,영화반점,서울특별시 서대문구 북아현로2길 17,37.5586989,126.9570865
472,진사골,서울특별시 서대문구 이화여대7길 24,37.5587273,126.9445842
473,이리이발관,서울특별시 서대문구 거북골로 208,37.5789414,126.9081221
474,커커헤어아트,서울특별시 서대문구 세검정로1길 48,37.5952041,126.946268
475,춘천식당,서울특별시 서대문구 수색로 42,37.5772579,126.9027849
476,왕세숫대야냉면,서울특별시 서대문구 수색로2길 7,37.5700369,126.916096
477,연안식당,서울특별시 서대문구 증가로 258,37.5710901,126.9296172
478,선머리방,서울특별시 서대문구 모래내로 350,37.5812627,126.9354203
479,삼성이발관,서울특별시 서대문구 응암로 28,37.5791969,126.9107681
480,탐라도야지,서울특별시 서초구 서초대로50길82,0.0,0.0
481,미각,서울특별시 서초구 반포대로28길8,0.0,0.0
482,시골마당,서울특별시 서초구 강남대로23길 30,37.4770068,127.0380232
483,미미치킨,서울특별시 서초구 서초대로 108,37.4938288,127.0144437
484,주노헤어숍,서울특별시 성동구 왕십리로24길 13-1,37.5642632,127.0343172
485,백광컴퓨터크리닝,서울특별시 성동구 마조로 59,37.56542,127.04173
486,용짜장,서울특별시 성동구 아차산로7길 28,37.547524,127.055366
487,씨씨존치킨,서울특별시 성동구 무수막길 85,37.5509035,127.0231576
488,벽산세탁,서울특별시 성동구 금호로 100 벽산,0.0,0.0
489,아씨머리방,서울특별시 성동구 고산자로8길 23-1,37.5580917,127.0365928
490,채미용실,서울특별시 성동구 용답중앙13길 14,37.5651392,127.0518953
491,늘하얀 세탁,서울특별시 성동구 마조로 71,37.56542,127.04173
492,소문난맛함흥냉면,서울특별시 성동구 무학봉16길 1,37.5605588,127.0322793
493,백리향,서울특별시 성동구 상원6길 10-1,37.5481703,127.0493695
494,동해루,서울특별시 성동구 왕십리로19길 8-1,37.5579067,127.0388507
495,에바헤어,서울특별시 성북구 성북구 보문로30가길 24,37.5892183,127.0210674
496,명가추어탕보리밥,서울특별시 성북구 성북구 오패산로 6-9,37.6031787,127.037774
497,원준식당,서울특별시 성북구 성북구 장위로38길 67,37.6106926,127.0513542
498,마포숯불갈비,서울특별시 성북구 성북구 보문로40길 1,37.591999,127.0150216
499,도이칠란드 박,"서울특별시 성북구 성북구 솔샘로6길 30-15,",37.6094761,127.0064469
500,청년밥상 문간,"서울특별시 성북구 성북구 보국문로11길 18-2,",37.6086727,127.0086836
501,오늘김밥,"서울특별시 성북구 보문로 157-1, 1층",0.0,0.0
502,SHville세탁,서울특별시 성북구 한천로101길 36 장월상가,0.0,0.0
503,밀밭 손칼국수,서울특별시 성북구 보문로 156-3,37.588913,127.0166395
504,최진사댁두부마을,서울특별시 성북구 성북구 고려대로1길 89,37.5870556,127.0190631
505,5080실버미용실,서울특별시 성북구 장위2동 돌곶이로 141,37.61422,127.05347
506,미락(우성),서울특별시 성북구 화랑로 21길 51,0.0,0.0
507,정릉갈비,서울특별시 성북구 정릉로 38길 8,0.0,0.0
508,지앤미미용실,서울특별시 성북구 돌곶이로 30길 48,0.0,0.0
509,서울숯불갈비,서울특별시 성북구 정릉로 29길 8,0.0,0.0
510,홍두깨손칼국수,서울특별시 성북구 보문로40길 5,37.591999,127.0150216
511,대풍족,서울특별시 성북구 보문로 129,37.588913,127.0166395
512,깡통참숯돼지갈비,서울특별시 성북구 보문로30라길 17,37.5898438,127.0189176
513,화담,서울특별시 송파구 올림픽로8길 12 1층,0.0,0.0
514,문정동 한방통닭,서울특별시 송파구 동남로2길 20 1층,0.0,0.0
515,최수지헤어,서울특별시 송파구 거여동 293-1,0.0,0.0
516,윤가네김밥,서울특별시 송파구 가락로 208,37.5111338,127.1187986
517,아빠이용원,서울특별시 송파구 마천로 45길44(1층)(마천동 153-2),0.0,0.0
518,착한깡통,서울특별시 송파구 마천로41길 33,37.4971716,127.1493905
519,조은김밥,서울특별시 송파구 백제고분로17길 43,37.5070824,127.0857318
520,전혜영미용실,서울특별시 송파구 토성로38-6,0.0,0.0
521,김자순수제돈까스,서울특별시 송파구 석촌호수로12길 16,37.5080044,127.0860843
522,박미용실,서울특별시 송파구 백제고분로27길 41,37.5041995,127.0929718
523,장수촌,서울특별시 송파구 바람드리길 13,37.537636,127.1193624
524,춘향고을,서울특별시 송파구 올림픽로32길 5,37.5130764,127.1103198
525,우성숯불갈비,서울특별시 송파구 백제고분로17길 56,37.5070824,127.0857318
526,개성시대,서울특별시 송파구 풍성로 35-1,37.5342968,127.1170894
527,돌마리유황오리,서울특별시 송파구 가락로 66,37.502052,127.1103018
528,옛날맛짜장,서울특별시 송파구 가락로 113,37.5111338,127.1187986
529,은지헤어,서울특별시 송파구 동남로6길 11,37.4884036,127.1251833
530,마포숯불갈비,서울특별시 송파구 성내천로 223,37.5005983,127.1507941
531,전영숙헤어샵,서울특별시 송파구 거마로 20길 23,0.0,0.0
532,이혜경롤앤컷,서울특별시 송파구 성내천로 222,37.5005983,127.1507941
533,국제세탁소,서울특별시 송파구 문정로 11길 12,0.0,0.0
534,꽃담은소,서울특별시 송파구 백제고분로32길 3,37.5008533,127.0949799
535,소백산,서울특별시 송파구 백제고분로39길 28,37.5053469,127.1050078
536,본향,서울특별시 송파구 마천로26길 6,37.5023605,127.1394803
537,강원도청국장,서울특별시 송파구 오금로19길 14,37.5115296,127.1142374
538,방이맛집,서울특별시 송파구 오금로11길 63-9,37.5153811,127.1109392
539,서울분식,서울특별시 송파구 가락로42길 13,37.5133479,127.1223073
540,호남식당,서울특별시 송파구 거마로 22길 1,0.0,0.0
541,국일관,서울특별시 송파구 마천로 345-1,37.5096804,127.1234315
542,벧엘칼국수,서울특별시 송파구 마천로41길 22,37.4971716,127.1493905
543,돈구워돈,서울특별시 송파구 오금로 532,37.492774,127.1479333486567
544,챠밍미용실,서울특별시 송파구 성내천로20길 18,0.0,0.0
545,모퉁이식당,서울특별시 송파구 오금로59길 2,37.4942438,127.1441805
546,김복남헤어장,서울특별시 송파구 백제고분로 32길 6-1,0.0,0.0
547,제주토방탕수육,서울특별시 송파구 성내천로 212,37.5005983,127.1507941
548,연백냉면,서울특별시 송파구 새말로12길 7,37.4826676,127.12935280088422
549,샬롬미용실,서울특별시 송파구 백제고분로15길14-1,0.0,0.0
550,일심해장국,서울특별시 송파구 양산로 12,37.492207050000005,127.14482722890625
551,아주세탁,서울특별시 송파구 오금로24길13,0.0,0.0
552,훼밀리김밥,서울특별시 송파구 성내천로 21길 12,0.0,0.0
553,모아모아세탁,서울특별시 송파구 송이로 19,37.5002912,127.1187956
554,목화미용실,서울특별시 송파구 거마로17길 11,0.0,0.0
555,금메달미용실,서울특별시 송파구 오금로32길 10,37.50356,127.1191
556,에덴미용실,서울특별시 송파구 마천로61나길 10,37.4939094,127.1522657
557,우돈골,서울특별시 송파구 위례성대로20길 24,37.5088407,127.1274724
558,신성김밥,서울특별시 송파구 백제고분로22길 28,37.5015117,127.0864122
559,오백냥분식,서울특별시 송파구 가락로 112,37.5111338,127.1187986
560,청해루,서울특별시 송파구 거마로20길 17,37.4976726,127.147659
561,투가리올림픽,서울특별시 송파구 백제고분로 465,37.5038815,127.1035123
562,해주냉면,서울특별시 송파구 올림픽로12길 5-22,37.5072318,127.0844783
563,홍보성,서울특별시 송파구 문정로4길 24-20,37.4843898,127.1262189
564,한연수짜장,서울특별시 송파구 송이로31길 4-11,37.4879161,127.1331202
565,서울중국집,서울특별시 송파구 백제고분로41길 43-15,37.508209,127.1068123
566,장수설렁탕,서울특별시 송파구 백제고분로 148,37.5038815,127.1035123
567,명가 홍삼을담다,서울특별시 양천구 남부순환로69길13,0.0,0.0
568,베스트크리닝,서울특별시 양천구 서울특별시 양천구 은행정로1길,37.5204675,126.8599392
569,크레용헤어,서울특별시 양천구 목동동로12길 11,37.5220963,126.87643386368946
570,조은식당,서울특별시 양천구 목동동로 339,37.5207771,126.8706363
571,할범탕수육,서울특별시 양천구 목동중앙북로 15,37.5485283,126.86536799946172
572,명동손칼국수,서울특별시 양천구 목동중앙북로6길 4,37.54826875,126.86501759923577
573,돈스우스,서울특별시 양천구 월정로 157,37.5446745,126.8289439
574,에스헤어살롱,서울특별시 양천구 목동중앙로 43,37.5357618,126.8705162
575,머리못하는집 목동142호점,서울특별시 양천구 목동서로 63,37.5384905,126.8835659
576,타임플러스신월뉴타운점,서울특별시 양천구 신월로 185,37.5171531,126.8397244
577,신화미용실,서울특별시 양천구 지양로16길 36,37.5230069,126.8352099
578,북경반점,서울특별시 양천구 지양로13길 2,37.5227335,126.8311063
579,대박집,서울특별시 양천구 등촌로 46,37.540304,126.8639268
580,홍콩반점,서울특별시 양천구 곰달래로 9-1,37.529659,126.8326166
581,찰스프로헤어,서울특별시 양천구 곰달래로5길 26-1,37.533614,126.8324814
582,소문장,서울특별시 양천구 목동중앙북로4길 20,37.5478241,126.86423525000001
583,밥도둑구이전문,서울특별시 양천구 목동중앙북로7가길 53,37.5496606,126.8648267
584,미미세탁소,서울특별시 양천구 목동동로 100,37.5207771,126.8706363
585,윤희미용실,서울특별시 양천구 목동중앙남로5길 22,37.5369184,126.8652998
586,까끌래깍자,서울특별시 양천구 남부순환로70길20-2,0.0,0.0
587,보라매25시해장국,서울특별시 양천구 신월로17길 21,37.51986,126.8423123
588,스타머리방,서울특별시 양천구 신월로9길 22,37.5191694,126.8394132
589,머리잘하는집,서울특별시 양천구 남부순환로57길 24-1,37.5336193,126.8309819
590,예성미용실,서울특별시 양천구 곰달래5길16,0.0,0.0
591,조이미용실,서울특별시 영등포구 도신로58길 9,37.5096839,126.916936
592,힐링이발관,서울특별시 영등포구 당산로 10길 15,0.0,0.0
593,김머리방,서울특별시 영등포구 도림로113길 8,37.5087088,126.8988221
594,짜우리아,서울특별시 영등포구 영신로 34,37.5313264,126.9050554
595,유미식당,서울특별시 영등포구 시흥대로 611,37.4923428,126.9091454
596,서울초밥,서울특별시 영등포구 선유로 250 그랑빌,0.0,0.0
597,삼미식당,서울특별시 영등포구 영등포로5길 14-2,37.5245171,126.8846999
598,전헤어샾,서울특별시 영등포구 양산로138-1,0.0,0.0
599,셀프미용원,서울특별시 영등포구 디지털로397,0.0,0.0
600,역전이용소,서울특별시 영등포구 여의대방로59길36,0.0,0.0
601,평화이발관,서울특별시 영등포구 당산로31길22-2,0.0,0.0
602,현대세탁소,서울특별시 영등포구 신풍로25가길11,0.0,0.0
603,연경궁,서울특별시 영등포구 국회대로30길14,0.0,0.0
604,미각,서울특별시 영등포구 대림로31길13,0.0,0.0
605,순미식당,서울특별시 영등포구 대방천로188,0.0,0.0
606,정원고기마을,서울특별시 영등포구 가마산로455,0.0,0.0
607,낭주골,서울특별시 영등포구 영등포로190,0.0,0.0
608,송백식당,서울특별시 영등포구 당산로38길15,0.0,0.0
609,다솜한식전문,서울특별시 영등포구 가마산로 338,37.504088,126.91987
610,산고을,서울특별시 영등포구 선유서로25길 5-1,37.5247925,126.885108
611,소소한날,서울특별시 영등포구 도림로 462,37.5053836,126.9022564
612,진국설렁탕,서울특별시 영등포구 당산로46길 1,37.5330755,126.9054553
613,지리산,서울특별시 영등포구 여의나루로 67,37.5243283,126.9285135
614,제주흑돼지,서울특별시 영등포구 영중로4길 5,37.5176791,126.9074442
615,예가원,서울특별시 영등포구 영신로32길 32,37.5190106,126.9035804
616,진미식당,서울특별시 용산구 서울 백범로 90길,0.0,0.0
617,먹깨비하우스,서울특별시 용산구 서울 용산구 소월로20길,37.5437942,126.9842856
618,커피스모키,서울특별시 용산구 서울특별시 용산구 한강대로30길,37.5271949,126.9679798
619,홍가진국,서울특별시 용산구 서울특별시 용산구 원효로241-1,0.0,0.0
620,성아머리방,서울특별시 용산구 서빙고로91나길 11,37.5226981,126.9978682
621,영광정육식당,서울특별시 용산구 서빙고로91나길 104,37.5226981,126.9978682
622,용산장어마을,서울특별시 용산구 백범로 318,37.5400102,126.9596662
623,원돈까스우동,서울특별시 용산구 서빙고로65길 10,37.5204549,126.994457
624,용산풍천숯불민물장어,서울특별시 용산구 한강대로39길 10,37.5314636,126.9684041
625,일공오삼겹살,서울특별시 용산구 백범로87길 52,37.539134,126.9689805
626,면마루,"서울특별시 용산구 신흥로 86, 2층",0.0,0.0
627,한일각,서울특별시 용산구 보광로 21-1 2층,0.0,0.0
628,남영골,서울특별시 용산구 한강대로 77길 8,0.0,0.0
629,청운숯불갈비,서울특별시 용산구 청파로 383-8,37.539388,126.9708619
630,흑돈연가,서울특별시 용산구 한강대로 76길 11-2,0.0,0.0
631,풍년숯불갈비,서울특별시 용산구 새창로 130,37.5298239,126.9677662
632,화로가,서울특별시 용산구 한강대로 39길 5,0.0,0.0
633,감베로니,서울특별시 용산구 한강대로 81길 5,0.0,0.0
634,무진장,서울특별시 용산구 원효로 212,37.5325156,126.9555926
635,쿨맨헤어,서울특별시 은평구 서오릉로 79(역촌동),0.0,0.0
636,은평닭곰탕,서울특별시 은평구 연서로3길 5(역촌동),0.0,0.0
637,역촌동 멸치국수,서울특별시 은평구 역말로 24(역촌동),0.0,0.0
638,솥뚜껑,서울특별시 은평구 연서로29길 11(갈현동),0.0,0.0
639,양구손두부,서울특별시 은평구 통일로83길 5-21(갈현동),0.0,0.0
640,행복밥상,서울특별시 은평구 갈현로 302-7(갈현동),0.0,0.0
641,우경촌,서울특별시 은평구 통일로78길 4-4(불광동),0.0,0.0
642,멸치국수,"서울특별시 은평구 은평로 119, 2층(응암동)",0.0,0.0
643,OK스시,"서울특별시 은평구 응암로4길 22, 102호(응암동)",0.0,0.0
644,시장냉면,서울특별시 은평구 응암로22길 5-17(응암동),0.0,0.0
645,행복한이발관,서울특별시 은평구 통일로69길 33,37.6111617,126.9269323
646,행복한세탁소,서울특별시 은평구 진흥로1길 37,37.6032991,126.9194524
647,영헤어,서울특별시 은평구 통일로 921-1,37.6325099,126.9181685
648,현대미용실,서울특별시 은평구 불광로 95,37.6099029,126.9283073
649,꾸워,서울특별시 은평구 은평로 34,37.5980874,126.9118949
650,대흥이발관,서울특별시 은평구 연서로 32길 19,0.0,0.0
651,영미용실,서울특별시 은평구 진흥로 119,37.608413,126.9291524
652,은혜김밥,서울특별시 은평구 역말로9길 41,37.6115238,126.9210973
653,소백산영주한우,서울특별시 은평구 은평로187-3,0.0,0.0
654,털보고된이,서울특별시 은평구 통일로83길9-1,0.0,0.0
655,플러스카페,"서울특별시 종로구 삼봉로 43, 종로구청",37.572940349999996,126.97970266703737
656,진차돌,서울특별시 종로구 종로35길 39 1층,0.0,0.0
657,만족숯불갈비,서울특별시 종로구 종로53길 7-2,37.5734428,127.0135219
658,미시간모텔,서울특별시 종로구 난계로29길 43,37.5740973,127.0213143
659,카라모텔,서울특별시 종로구 수표로26길 3,37.5721554,126.9900792
660,(주)추억을파는극장,"서울특별시 종로구 삼일대로 428(낙원동, 4층)",0.0,0.0
661,또순이네,"서울특별시 종로구 사직로 130, 지하1층",0.0,0.0
662,먹고갈래지고갈래,서울특별시 종로구 수표로 117,37.5692417,126.9895069
663,수원성갈비,서울특별시 종로구 창신3길 9,37.5731341,127.0109229
664,광나루찌개,서울특별시 종로구 대학로5가길 1,37.578767,127.0015082
665,콩나물국밥,서울특별시 종로구 자하문로 3,37.5762348,126.9726844
666,종묘이용원,서울특별시 종로구 종로 146(종로3가),0.0,0.0
667,파고다이용원,서울특별시 종로구 종로17길 12,37.571824,126.9886624
668,이레이발관,서울특별시 종로구 수표로 115(낙원동),0.0,0.0
669,이소빈 머리나라,서울특별시 종로구 명륜길 9,37.5892348,126.9945727
670,독립문 모텔,서울특별시 종로구 통일로 220,37.57825,126.95416
671,삼삼 뚝배기,서울특별시 종로구 동숭길 51,37.5814585,127.0041529
672,퓨전 한마당,서울특별시 종로구 대학로5길 5,37.5785163,127.0011734
673,약속다방,서울특별시 종로구 종로31길 40,37.5721785,126.9994489
674,일봉,서울특별시 종로구 종로1 92-1,37.57806665,126.99304666562679
675,인터미용실,서울특별시 종로구 숭인동길 46,37.5760493,127.0217865
676,은미용실,서울특별시 종로구 사직로 108-6 (내자동),0.0,0.0
677,왕관커피숍,서울특별시 종로구 종로 222,37.5710709,127.0038782
678,영미용실,서울특별시 종로구 지봉로 62,37.576607,127.015508
679,부남돌구이,서울특별시 종로구 대학로 2길 65-5,0.0,0.0
680,조아루,서울특별시 중구 퇴계로 114-2(회현동3가),0.0,0.0
681,우리집 맛자랑,서울특별시 중구 퇴계로20길 26(남산동2가),0.0,0.0
682,광희 이용원,서울특별시 중구 동호로34길 18(광희동1가),0.0,0.0
683,돈우가,서울특별시 중구 남대문로 25-17(북창동),0.0,0.0
684,코너집,서울특별시 중구 퇴계로336(광희동2가),0.0,0.0
685,장수보리밥,서울특별시 중구 퇴계로85길 12-4(황학동),0.0,0.0
686,흑돈연가,서울특별시 중구 퇴계로90길 26(신당5동),0.0,0.0
687,채미 미용실,서울특별시 중구 다산로 101(다산동),0.0,0.0
688,유가,서울특별시 중구 퇴계로12길 68(회현동1가),0.0,0.0
689,일일구(119),서울특별시 중구 다산로33길 79-4(신당동),0.0,0.0
690,광희식당,서울특별시 중구 장충단로 212-2(광희동2가),0.0,0.0
691,영자씨우동김밥,서울특별시 중구 마른내로 15-1(저동2가),0.0,0.0
692,일광 세탁소,서울특별시 중구 다산로33다길 29(신당동),0.0,0.0
693,형제정육식당,서울특별시 중구 다산로40길 56(신당동),0.0,0.0
694,오늘우리집비어,서울특별시 중랑구 서울특별시 중랑구 용마산로115길,37.5985619,127.097548
695,커피앤바복길이,서울특별시 중랑구 봉화산로4길 62,37.5987021,127.0748966
696,수지헤어,"서울특별시 중랑구 봉우재로 41, 화진빌딩",0.0,0.0
697,세븐돈까스,서울특별시 중랑구 용마산로 557,37.5997955,127.1004166
698,스타이발관,서울특별시 중랑구 망우로 382-2,37.5984482,127.09477720671973
699,효자동이발소,서울특별시 중랑구 용마산로 394,37.5997955,127.1004166
700,다담2900,"서울특별시 중랑구 망우로66길 75, 1층",0.0,0.0
701,짜장나루,서울특별시 중랑구 겸재로 161,37.5859709,127.0765889
702,광양불고기,서울특별시 중랑구 망우로71길 31,37.601041699999996,127.10224439282297
703,착한이발관,서울특별시 중랑구 봉화산로 54,37.6077405,127.0975148
704,신 쿡(cook),서울특별시 중랑구 중랑천로 64,37.5908998,127.0733513
705,명동분식,서울특별시 중랑구 면목로37길 13,37.5796537,127.084287
706,현정미용실,서울특별시 중랑구 면목로33길 14,37.5766483,127.0845601
707,금천이발관,서울특별시 중랑구 면목로29길21,0.0,0.0
708,분식나라,서울특별시 중랑구 동일로140길 25,37.6054302,127.0829358
709,할매김밥,서울특별시 중랑구 동일로163길17,0.0,0.0
710,화성각,서울특별시 중랑구 면목로48길37,0.0,0.0
711,정가네홍두깨손칼국수,서울특별시 중랑구 망우로62길 61,37.5991925,127.0973164
712,동해루,서울특별시 중랑구 면목천로23길 44,37.5898573,127.082525
713,박리김밥,서울특별시 중랑구 공릉로2길 22,37.6120999,127.0795598
714,호계대중사우나,"서울특별시 중랑구 봉화산로56길 153, 지하2층",0.0,0.0
715,장미 미용실,서울특별시 중랑구 용마산로125나길 26,37.6037318,127.0993869
716,동춘원,"서울특별시 중랑구 망우로66길 57, 1층",0.0,0.0
717,와우식당,서울특별시 중랑구 공릉로12가길 11,37.6172677,127.0834255
718,보원헤어,서울특별시 중랑구 동일로130길 71,37.599697,127.0813377
719,LG쌍용세탁소,서울특별시 중랑구 봉화산로 144,37.6014748,127.0755033
720,행운미용실,서울특별시 중랑구 동일로120길 121-11,37.5961131,127.0807422
721,아폴로헤어크리닉,서울특별시 중랑구 사가정로50길 67,37.5786205,127.085505
722,포토아트,서울특별시 중랑구 면목로40길 16,37.57886,127.0882022
723,더 이등병,서울특별시 중랑구 면목로33길 33,37.5766483,127.0845601
724,상록수미용실,서울특별시 중랑구 동일로99길 22,37.5878257,127.0782736
725,강헤어컬렉션,서울특별시 중랑구 면목로 430,37.5930181,127.0866629
